,Unnamed: 0,id,scrape_id,name,description,host_id,host_name,host_is_superhost,host_listings_count,host_total_listings_count,host_has_profile_pic,host_identity_verified,latitude,longitude,property_type,room_type,accommodates,bathrooms,bedrooms,beds,minimum_nights,maximum_nights,minimum_minimum_nights,maximum_minimum_nights,minimum_maximum_nights,maximum_maximum_nights,minimum_nights_avg_ntm,maximum_nights_avg_ntm,calendar_updated,has_availability,availability_30,availability_60,availability_90,availability_365,number_of_reviews,number_of_reviews_ltm,number_of_reviews_l30d,review_scores_rating,review_scores_accuracy,review_scores_cleanliness,review_scores_checkin,review_scores_communication,review_scores_location,review_scores_value,license,instant_bookable,calculated_host_listings_count,calculated_host_listings_count_entire_homes,calculated_host_listings_count_private_rooms,calculated_host_listings_count_shared_rooms,reviews_per_month
0,0,2084992,20241221052002,"Nice and cozy apartment in Kreuzberg, Graefekiez","Our cosy two room Apartment (70qm) in a vibrating neighbourhood gives you a perfect base for your stay in Berlin. It is located in a quite street, close to Parks, public transport, the canals and bars. Explore the city with our bikes and feel at home",6302373,Andreas,f,1.0,1.0,t,t,52.48855,13.4148,Entire rental unit,Entire home/apt,2,,1.0,,92,1125,92,92,1125,1125,92.0,1125.0,,t,0,0,0,0,11,0,0,5.0,4.91,5.0,4.91,5.0,4.64,4.82,,f,1,1,0,0,0.09
200,200,1050061877849092541,20241221052002,"Modernes, neues Studioappartment in Berlin","Sit back and relax ‚Äì in this quiet, stylish accommodation in two state-of-the-art rooms in a quiet yet central location in Berlin-Steglitz in the immediate vicinity of the S-Bahn line 25, several buses and the city park.<br />The apartment meets all the requirements for everyday needs and convinces with its high-quality design.",43938328,Stefan,f,3.0,3.0,t,t,52.44727,13.34752,Entire rental unit,Entire home/apt,2,1.0,1.0,1.0,92,365,92,92,365,365,92.0,365.0,,t,0,0,0,264,1,1,0,5.0,5.0,5.0,5.0,5.0,4.0,4.0,,f,2,2,0,0,0.17
400,400,31049161,20241221052002,Luxus Studio 100,"Our luxury studio offers you an extraordinary stay in Berlin. <br />Enjoy luxurious living quality in a spacious living & dining area with open, fully equipped kitchen with MIELE appliances. <br />The 100 m¬≤ apartment has a separate bedroom with built-in closets and TV. <br />The shower room with rain shower. <br />The large living and dining area with couch, sofa bed and dining area, TV and stereo.<br />Enjoy the spacious balcony. <br />A guest toilet with washing machine and dryer.",5891250,Thomas,t,5.0,7.0,t,t,52.53242,13.39441,Entire rental unit,Entire home/apt,2,1.5,1.0,1.0,30,360,7,30,360,360,27.8,360.0,,t,3,7,34,278,8,3,1,5.0,5.0,4.88,5.0,4.88,5.0,5.0,"First name and Last name: Thomas Breidenbach <br/> Contact address: Ackerstra√üe 29, 10115, Berlin, Deutschland <br/>Listing address: Ackerstr. 29, 10115, Berlin, Deutschland",f,5,5,0,0,0.12
600,600,20562069,20241221052002,:Spacious room with balcony:Kreuzberg:Neuk√∂lln:,"Dear guests, our nice shared flat is located in the district of Neuk√∂lln. We live in a typical, charming Berlin old house built in the 19th century with high ceilings and beautiful wooden floors and doors. Neuk√∂lln is a great urban and multicultural quarter with many cozy caf√©s and pretty bars. Hasenheide park, former Tempelhof airport and the canal in Kreuzberg are just round the corner as well as various supermarkets, foodmarkets and restaurants with delicious and affordable international food",146852988,Soni,f,1.0,1.0,t,f,52.48229,13.43605,Private room in rental unit,Private room,1,,2.0,,92,1125,92,92,1125,1125,92.0,1125.0,,,0,0,0,0,15,0,0,4.33,4.87,5.0,4.93,4.73,4.6,4.87,,f,1,0,1,0,0.17
800,800,25200262,20241221052002,Spacious room in the heart of Berlin - Ostbahnhof!,"In the heart of berlin, this room is conveniently located in Friedrichshain (1 minute walk from Ostbahnhof station). The room newly renovated, is extremely spacious and quite bright all day long! Its perfect for singles and couples, though can also accommodate a small child on the comfy sofa. The house has all the required amenities, including a washing machine, dishwasher, fridge, iron, etc. I will be hosting you in this house and will happily tend to any of your queries.",9721527,Siddhant,f,2.0,3.0,t,t,52.51457,13.43497,Private room in rental unit,Private room,1,,,,1,1125,1,1,1125,1125,1.0,1125.0,,t,0,0,0,0,49,0,0,4.88,4.96,4.76,4.92,4.92,4.88,4.82,02/Z/AZ/008527-18,f,2,0,2,0,0.61
1000,1000,17127660,20241221052002,Light & cozy living in Neukoelln,"The flat is located in NEUK√ñLLN, one of the most popular areas in Berlin! <br />Why? Because it's ideal for so many life styles. For travellers, it's attractive too, because it suits both, the relaxed stay and the wild stay. In the following, I will give you some advice to parks, coffee places, cinemas, clubs and bars, too. But also some hints on where you got your basics from. Whenever you got questions, my lovely flat mates will be staying with you. Or you can just contact me whenever you want to!",7538799,Lina,f,1.0,2.0,t,t,52.47794,13.43215,Private room in rental unit,Private room,2,,,,92,1125,92,92,1125,1125,92.0,1125.0,,t,0,0,0,0,3,0,0,5.0,5.0,5.0,5.0,5.0,5.0,5.0,,t,1,0,1,0,0.03
1200,1200,549918355687730669,20241221052002,Nordberliner Sommerhaus,"Welcome to our summer house in the north of Berlin! Perfect retreat in the garden, close to Alexanderplatz (25 min by tram/subway). Several shopping options and tram stops within walking distance (3 min). Small, detached 70 sqm house with fully equipped kitchen, dining area, bathroom with shower, sauna, and air conditioning (optional for an additional fee), washing machine, garden use with garden furniture, WLAN, and HD television.",83846582,Jacqueline,t,1.0,1.0,t,t,52.60656,13.43132,Entire guesthouse,Entire home/apt,2,1.0,1.0,3.0,3,30,3,3,30,30,3.0,30.0,,t,0,0,0,68,22,22,0,4.95,5.0,5.0,5.0,5.0,4.77,4.95,03/Z/AZ/009159-24,f,1,1,0,0,2.86
1400,1400,1217512218863791600,20241221052002,Lux Central 1BD Terrace Oasis,"Indulge in the convenience of being just a few kilometers away from Berlin's most renowned locations. Explore the historic significance of Checkpoint Charlie, absorb the lively atmosphere at Alexanderplatz, delve into cultural treasures on Museuminsel, and indulge in retail therapy at nearby shopping malls. The allure of Gendarmenmarkt and more awaits just moments from your doorstep.<br />Step into a stylish retreat that seamlessly combines modern elegance with homely comfort.",45221190,Marko,t,4.0,5.0,t,t,52.49769808519826,13.40178697469722,Entire rental unit,Entire home/apt,5,1.0,1.0,4.0,1,365,1,1,1125,1125,1.0,1125.0,,t,17,41,45,45,6,6,0,4.83,4.67,4.67,4.17,4.83,5.0,4.83,02/Z/RA/019222-24,t,4,4,0,0,1.45
1600,1600,40033117,20241221052002,Charming and spacious Berlin alt-bau apartment,"Beautiful alt-bau apartment in northern Prenzlauer berg, full of light, character, space and charm. Equipped with everything you need for a short or long stay in Berlin. Seconds away from Tram and public transport - 15 min to Alexanderplatz and Mitte, within minutes to the restaurants and bars of Prenzlauer berg.",47085194,Matthew,f,1.0,2.0,t,t,52.55541,13.43065,Entire rental unit,Entire home/apt,6,,2.0,,92,1125,92,92,1125,1125,92.0,1125.0,,t,0,0,0,0,0,0,0,,,,,,,,,f,1,1,0,0,
1800,1800,24154046,20241221052002,Nice room in a new house near Tier Park,"The room is on the quiet side of the house, with enough space for 2 people. It has a 140cm bed, chairs to sit down and a closet.<br /><br />*** NOTE The house is 40 mins from the city. If you just want to be in the city center please Do Not book!",1185192,Phuong & Martin,t,4.0,8.0,t,t,52.51227,13.52739,Private room in townhouse,Private room,2,1.0,1.0,1.0,1,5,1,1,5,5,1.0,5.0,,t,26,38,40,40,374,76,3,4.76,4.87,4.68,4.89,4.86,4.51,4.71,11/Z/AZ/001799-19,f,2,0,2,0,4.6
2000,2000,35671098,20241221052002,18-Beautiful single room apartment in Sch√∂neberg,Wonderful design Apartments right in the heart of happening Sch√∂neberg. A vibrant neighbourhood that is full a great restaurants and coffee shops. The nearest transport is Nollendorfplatz station  plus you are a short trip away from Berlin famous Ku‚Äôdamm high street.,265635773,Nicholas,f,20.0,20.0,t,t,52.49563,13.34857,Entire rental unit,Entire home/apt,2,1.0,0.0,1.0,92,1125,92,92,1125,1125,92.0,1125.0,,t,30,35,35,273,3,0,0,4.67,5.0,5.0,4.0,4.33,5.0,3.67,,f,20,20,0,0,0.05
2200,2200,5635407,20241221052002,Luxury Penthouse with 3 Terraces and AC,"Our 180 sq meter home + 35 sqm terrace in SO36 has 2 bathrooms/showers, 3 double bedrooms (one of which is a nursery but can have a bed instead) & 3 terraces. Extremely central yet very quiet. Bright and sunny, it is 2 minutes from Berlin's best market, close to public transport (U1/U8/Bus), nightlife, East Side gallery, the river & more. We live in a family building and we like our neighbors so please, no parties. Great neighborhood for foodies! Please, only AirBnBers with at least 1 review.",3274889,Tally,f,1.0,1.0,t,t,52.50175,13.43124,Entire condo,Entire home/apt,8,,3.0,,3,30,3,3,30,30,3.0,30.0,,t,0,0,0,0,32,1,0,4.91,4.88,4.69,4.84,4.97,4.97,4.59,02/Z/RA/008251-18,f,1,1,0,0,0.28
2400,2400,18546362,20241221052002,"Berlin, 100m2 Altbau in Wilmersdorf","The appartment is currently in a pretty well state. Fully furnitured. It is a cosy 100m2 flat in Wilmersdorf, Berlin.  Really interesting and quiet area close to Gr√ºnewald, Tegel, Charlottenburg, Sch√∂neberg. <br /><br /> The house is a typical Berlin building with an elevator, quiet and nice neighbors. According to arrange we dispose of two bicicles for our guest.",113966149,H√©ctor,f,1.0,1.0,t,t,52.48946,13.31001,Entire rental unit,Entire home/apt,5,,2.0,,92,1125,92,92,1125,1125,92.0,1125.0,,t,0,0,0,0,3,0,0,4.0,4.33,4.67,5.0,5.0,3.67,4.33,,f,1,1,0,0,0.04
2600,2600,20081217,20241221052002,Schniekes Zimmer im Rigaerkiez!,"Our house is right across from a well-known occupied house in Berlin. Correspondingly, the atmosphere here is also. Everything is very colorful, there is always something going on, overall very pleasant and likeable. You still feel like you can be part of the real Berlin with its diversity and rebellious charm, and that in the city center. <br /><br />And of course you also have a bar under you, which you can also hear on weekends (times more, sometimes less, sometimes not at all).",21547435,Dominik,f,1.0,1.0,t,t,52.51558,13.46541,Private room in rental unit,Private room,1,,,,92,1125,92,92,1125,1125,92.0,1125.0,,t,0,0,0,0,0,0,0,,,,,,,,,f,1,0,1,0,
2800,2800,6779823,20241221052002,Simple beautiful comfy room,"Close to the city's center, this room is part of a quiet house in the central western side of Berlin. Busses, metro and train bring you fast to the airports, west berlin ceter and all Ring Stations.  There are various supermarkets nearby.",3315203,Luisa,f,1.0,3.0,t,t,52.47954,13.34754,Private room in rental unit,Private room,2,,,,92,1125,92,92,1125,1125,92.0,1125.0,,t,0,0,0,0,21,0,0,4.76,4.85,4.6,4.8,4.95,4.6,4.74,,f,1,0,1,0,0.19
3000,3000,28252271,20241221052002,Room in central Berlin (West): Nollendorfplatz,"Co-host is Peter, he is looking forward to your visit.<br /><br />The co-host is Peter, he is looking forward for your visit.",312427,Yoan,f,1.0,1.0,t,f,52.49936,13.35595,Private room in rental unit,Private room,2,,,,92,1125,92,92,1125,1125,92.0,1125.0,,,0,0,0,0,9,0,0,4.89,5.0,4.89,5.0,4.89,5.0,4.89,,f,1,0,1,0,0.12
3200,3200,9379491,20241221052002,Comfortable Appartment,I am renting out my appartment located in the Southern Center of Berlin. The appartment is located right in Sch√∂neberg 2 minutes away from the Trainstation S- Yorkstra√üe.,42233403,Moritz,f,1.0,1.0,t,f,52.49396,13.36516,Entire rental unit,Entire home/apt,5,,2.0,,92,1125,92,92,1125,1125,92.0,1125.0,,,0,0,0,0,0,0,0,,,,,,,,,f,1,1,0,0,
3400,3400,1128714263967602952,20241221052002,Habitaci√≥n acogedora en ubicaci√≥n c√©ntrica,,15920621,Rocio,f,1.0,1.0,t,f,52.5289228633731,13.414361384173503,Private room in condo,Private room,2,1.0,1.0,2.0,3,120,3,3,1125,1125,3.0,1125.0,,t,17,47,77,352,4,4,0,5.0,5.0,5.0,5.0,5.0,5.0,5.0,"First name and Last name: Rocio Mendez de Alsleben <br/> Contact address: Saarbr√ºcker Str. 27, 10405, Berlin, Deutschland  <br/>Listing address: Saarbr√ºcker Str. 27, 10405, Berlin, Deutschland ",f,1,0,1,0,1.18
3600,3600,5819296,20241221052002,Zimmer direkt am Schlesischem Tor,Right at Schlesi I rent out my room. I have a casual roommate. Everything you need is in the immediate walking distance!,30200540,Niclas,f,1.0,1.0,t,t,52.50005,13.44103,Private room in rental unit,Private room,1,,,,92,1125,92,92,1125,1125,92.0,1125.0,,t,0,0,0,0,0,0,0,,,,,,,,,f,1,0,1,0,
3800,3800,36360929,20241221052002,Berlin Wannsee Landgut,"The apartment is ideal for families or friends, pets are also welcome. If you like it quiet and close to nature and yet want to have the cities of Berlin, Potsdam around the corner, this is the place to be. There is a private entrance, terrace and Garden. Living room with kitchen and a double bed. One bedroom upstairs with a single bed as well as a king size bed and oversized duvets. We live next door, so never an access or key issue. We are close to the  train. Griebnitzsee and Wannsee. Free parking.",12157127,Maarten S.W.,t,3.0,3.0,t,t,52.39625,13.1508,Entire cottage,Entire home/apt,5,1.0,2.0,4.0,1,30,1,2,1125,1125,1.3,1125.0,,t,15,41,60,108,356,74,2,4.85,4.83,4.67,4.88,4.8,4.86,4.73,06/Z/AZ/003135-20,t,3,3,0,0,5.42
4000,4000,42984519,20241221052002,"Newly built, beautiful Premium Penthouse Loft","Newly built, fully furnished and equipped, beautifully styled 45m2 premium penthouse loft in a quiet but central location. Beautiful view (5th floor), NO LIFT. Modern floor heating system, high quality furniture, roof terrace. Kitchen with dish washer, micro wave, oven, large fridge and freezer, premium coffee maker, mixer, toaster. Bathroom with rain shower, separate floor heating.  Bed room separated from living room; 160x200m double bed. Washing machine, dryer. Electric sun shades.",16526913,Falko,f,4.0,4.0,t,t,52.43866,13.55307,Entire loft,Entire home/apt,2,1.0,0.0,1.0,183,365,183,183,365,365,183.0,365.0,,t,0,0,0,141,6,0,0,5.0,5.0,5.0,5.0,5.0,4.67,4.67,,f,4,4,0,0,0.12
4200,4200,40190560,20241221052002,Designapartment in Silicon Allee Campus,"Join an exclusive community of international entrepreneurs and live in one of our design apartments in the heart of Berlin.<br /><br />The apartments are on the top two floors of the Silicon Allee startup campus, some with west-facing balconies so you will be treated to peace and quiet and beautiful sunsets over the Mitte rooftops. With an organic supermarket (Bio Company) in the building you almost never have to leave!",305230492,Studios,f,1.0,2.0,t,f,52.52915,13.38373,Entire serviced apartment,Entire home/apt,2,,1.0,,92,1125,92,92,1125,1125,92.0,1125.0,,,0,0,0,0,2,0,0,5.0,5.0,5.0,5.0,5.0,5.0,5.0,,f,1,1,0,0,0.03
4400,4400,18579300,20241221052002,Wonderful altbau room,"Our spare room is located between Mitte and the hip Wedding district. It is right in the middle of Gesundbrunnen, which means the moment you leave the appartment you are in the hustle and bustle of one of most mutlicultural places on Earth.",52201553,Johan Philippe,f,1.0,1.0,t,f,52.55308,13.38352,Private room in rental unit,Private room,2,,,,92,1125,92,92,1125,1125,92.0,1125.0,,,0,0,0,0,1,0,0,5.0,4.0,5.0,5.0,5.0,4.0,5.0,,f,1,0,1,0,0.01
4600,4600,1666874,20241221052002,Cozy Apartment in Heart of Berlin,My cozy appartment is at the 4th floor facing the courtyard: that's way there is so much light and it's so quite.<br />Lovely neighbourood very well connected with Alexanderplatz: from here you can go everywhere! 10 minutes walk from trendy Mitte.,8826574,Sonia,f,1.0,1.0,t,t,52.53124,13.42429,Entire rental unit,Entire home/apt,2,,1.0,,3,31,2,3,31,31,2.6,31.0,,t,0,0,0,0,43,0,0,4.72,4.77,4.7,4.84,4.77,4.79,4.65,03/Z/RA/003507-18,f,1,1,0,0,0.33
4800,4800,1232385654444197543,20241221052002,Urban Room,"Touch of home im Herzen Berlins. Our urban residences embody the idea of the capital-Zuhauses by KPM in an ideal way. Urban casualness, high-quality amenities, chic kitchens, noble KPM coloring, impressive furniture design - everything was just right here. Each urban apartment also has a balcony. This stylish accommodation is close to many attractions.",342119665,KPM Hotel & Residences,f,15.0,15.0,t,t,52.51475,13.33286,Room in hotel,Private room,2,1.0,1.0,1.0,1,365,14,30,365,365,17.6,365.0,,t,30,60,90,362,1,1,1,5.0,5.0,5.0,5.0,5.0,5.0,3.0,"First name and Last name: Fabrice Stahl <br/> Contact address: Savignyplatz 9, 10623, Berlin, Deutschland <br/>Listing address: Engl. Str. 6, 10587, Berlin, Deutschland",f,15,5,10,0,1.0
5000,5000,32394837,20241221052002,Sch√∂nholzer Heide - 4 Bedrooms +2 Bath Private,"A double bed, two single beds and a cot.<br />Private bathroom with shower is accessible via the corridor.<br /><br />The large kitchen is available for all guests to cook.<br />Dishwasher is available.<br /><br />The room is lockable, located upstairs and accessible by stairs.<br /><br />Bed linen and towels are included in the equipment.<br /><br />The house has a quiet location and is located directly on the park Sch√∂nholzer Heide.",214044965,Gerhard,t,1.0,3.0,t,t,52.58181,13.37847,Entire rental unit,Entire home/apt,9,2.0,4.0,8.0,3,30,3,3,30,30,3.0,30.0,,t,11,41,71,82,130,20,0,4.88,4.86,4.78,4.92,4.97,4.56,4.74,03/Z/AZ/003884-18,f,1,1,0,0,1.91
5200,5200,1302312856030118163,20241221052002,New & cozy in Bergmannkiez for 3,"Welcome to our stylish and modern studio located few steps away from the vibrant Bergmannstrasse, perfect for up to 3 guests. The space offers a blend of contemporary design and comfort, featuring a queen-sized bed and a sofa bed for additional guests. The studio is thoughtfully furnished with high-quality touches, including a sleek kitchenette. <br />You‚Äôll enjoy your stay in this urban sanctuary, while being just steps away from trendy shops, caf√©s, restaurants.<br />Public transport is accessible.",3789531,Fulvia,f,3.0,8.0,t,t,52.49076128911122,13.37862136918935,Entire rental unit,Entire home/apt,3,1.0,1.0,2.0,1,365,1,1,365,365,1.0,365.0,,t,25,55,85,346,0,0,0,,,,,,,,"First name and Last name: Fulvia Pieroni <br/> Contact address: Willibald-Alexis-Stra√üe 13, 10965 , Berlin , Deutschland  <br/>Listing address: Kreuzbergstr. 29, 10965, Berlin , Deutschland",t,3,3,0,0,
5400,5400,55853,20241221052002,Hauptstadt-Domizil,"Only long-term, at least 3 month. <br /><br />Local tax in Berlin is due for private accommodation: City-Tax. Not applicable for overnight stays for business reasons.",264072,Britta,f,1.0,1.0,t,t,52.50469,13.29409,Entire rental unit,Entire home/apt,2,1.0,1.0,2.0,92,730,92,92,1125,1125,92.0,1125.0,,t,0,22,52,327,20,1,0,4.8,4.95,4.95,4.9,4.75,4.65,4.65,,f,1,1,0,0,0.14
5600,5600,39123851,20241221052002,Typical Berlin flat in good location with balcony,"Tach,<br /><br />welcome to my apartment in Berlin. It is located at the northern end of the Prenzlauer Berg. The apartment is cosy and tidy. You will miss nothing. The apartment is on the third floor and has a balcony.",60156650,Jonathan,f,1.0,1.0,t,t,52.55496,13.44074,Entire rental unit,Entire home/apt,3,1.0,0.0,1.0,3,1125,3,3,1125,1125,3.0,1125.0,,t,14,34,50,312,117,38,3,4.79,4.87,4.74,4.78,4.9,4.53,4.62,03/Z/AZ/005293-20,t,1,1,0,0,1.94
5800,5800,950792154643954359,20241221052002,Cozy room with huge terrace in Prenzlauer Berg!,"LOCATION:<br />The room is located in a very beautiful and well-maintained old building in the middle of the exclusive Berlin district Prenzlauer Berg! Ideal for interns and young professionals, it takes only a few minutes by foot to the Sch√∂nhauser Allee underground station. More central is hardly possible! In addition, the district not only impresses with its central location, but also with its special charm and spirit. Restaurants and bars are within walking distance.",529388435,Gabi,f,96.0,102.0,t,t,52.54733,13.4132,Private room in rental unit,Private room,2,1.0,1.0,1.0,30,60,30,30,60,60,30.0,60.0,,t,29,59,89,269,0,0,0,,,,,,,,"Legal entity name and Legal form: ZHI <br/>Legal representatives or Trade register number: HRB <br/> Entity address: Gipsstra√üe, 10119, Berlin, Germany <br/>Listing address: Knaackstra√üe, 10405, Berlin, Germany",f,71,12,59,0,
6000,6000,53988565,20241221052002,NEST :: Sunny Maisonette  in the city center,Located in the sidewing of Berlin Altbau on Alte Sch√∂nhauser Strasse - quiet and calm over the roofs of Berlin. <br />2 bedroom apartment with light and sunny living room with small balcony and view to the sky.<br />ral gelegenen Unterkunft.,437366344,Anja,f,2.0,3.0,t,t,52.5257,13.40847,Entire rental unit,Entire home/apt,4,1.0,2.0,2.0,3,100,2,3,100,100,3.0,100.0,,t,20,46,76,162,128,49,1,4.55,4.6,4.46,4.64,4.77,4.96,4.43,"First name and Last name: Art and Space GbR <br/> Contact address: Alte Sch√∂nhauser Strasse 44, 10119 , Berlin , Deutschland  <br/>Listing address: Alte Sch√∂nhauser Strasse 44, 10119, Berlin , Deutschland ",f,2,2,0,0,3.71
6200,6200,1004763318738979000,20241221052002,3 Zimmer Altbauwohnung Steglitz,"Apartment is located on the ground floor with direct access to the garden and is located in a quiet house with families. The apartment is fully equipped and has in addition to the kitchen and bathroom, a living room with workspace, a bedroom with 1.60 m bed, and a dining room with daybed.<br /><br />The city park is almost right outside the front door. Various supermarkets are very close by. The bus station is 1 minute walk away and Rathaus Steglitz is a 15-20 minute walk.",101502659,Katharina,f,1.0,5.0,t,t,52.44613,13.32895,Entire rental unit,Entire home/apt,2,,1.0,,168,365,168,168,365,365,168.0,365.0,,t,0,0,0,0,0,0,0,,,,,,,,,f,1,1,0,0,
6400,6400,27157054,20241221052002,Artsy Studio Apartment,"This spacious studio-apartment is located at the hotspot of the subculture of Berlin: The famous Simon-Dach-Kiez of Friedrichshain which is among the hottest streets of Europe. It is unlikely to find a place in Germany with as many record shops, as many 2nd hand shops or as many restaurants or pubs as in the diameter to this apartment. The clubs, the concerts and the flea markets: Walking distance! Marvellous kitchen, bright bed room... Perfect place to start an adventure!",43070500,Ubbo,f,1.0,2.0,t,t,52.5110558,13.4569464,Entire rental unit,Entire home/apt,4,1.0,1.0,2.0,2,30,2,2,30,30,2.0,30.0,,t,12,30,55,55,5,5,0,5.0,5.0,5.0,4.8,5.0,5.0,5.0,02/Z/RA/018400-24,f,1,1,0,0,0.45
6600,6600,23986222,20241221052002,"spacious, quite appartment in Prenzlauer Berg","A bright cozy, conveniently located accommodation in the backyard in Prenzlauer Berg",162206864,Yulia,f,1.0,1.0,t,t,52.5498,13.41328,Private room in rental unit,Private room,2,,,,2,31,2,2,31,31,2.0,31.0,,t,0,0,0,0,9,0,0,4.89,4.89,4.78,5.0,4.89,4.89,4.78,03/Z/AZ/004444-19,f,1,0,1,0,0.11
6800,6800,6371206,20241221052002,Bright & Cozy Room,"You'd live in my room while Im out of town. The whole flat contains 4 bedrooms. You'd have 3 flatmates who are down to earth, open minded and kind.",21691025,Laura Anais,f,1.0,1.0,t,t,52.47113,13.44446,Private room in rental unit,Private room,1,,,,92,1125,92,92,1125,1125,92.0,1125.0,,t,0,0,0,0,2,0,0,4.5,5.0,5.0,4.5,5.0,5.0,4.5,,f,1,0,1,0,0.02
7000,7000,1014185572480172209,20241221052002,"Blueground | Friedrichshain, furnished & equipped","Feel at home wherever you choose to live with Blueground. You‚Äôll love this cozy Friedrichshain furnished studio apartment with its modern decor, fully equipped kitchen, and bright living room with great views. Ideally located, you‚Äôre close to all the best that Berlin has to offer! (ID #BER234)",434485440,Blueground,f,322.0,325.0,t,t,52.51099749999999,13.4583393,Entire rental unit,Entire home/apt,2,1.0,0.0,1.0,90,1125,92,334,1125,1125,96.4,1125.0,,t,0,0,0,204,0,0,0,,,,,,,,"Legal entity name and Legal form: BLUEGROUND GERMANY GmbH <br/>Legal representatives or Trade register number: HRB 232347 B <br/> Entity address: Stresemannstra√üe 123 , 10963 , Berlin, Germany <br/>Listing address: Gabriel-Max-Stra√üe 16, 10245, Berlin, Germany",t,318,318,0,0,
7200,7200,805917328289699007,20241221052002,Private room in a unique rooftop apartment,"Private room in a unique rooftop apartment with elevator.<br /><br />Bathroom, kitchen and living room are shared areas and the host will probably be present during your stay. <br /><br />The art in the apartment might change and is potentially for sale. <br /><br />leftist household.",18487901,Andr√©,t,1.0,4.0,t,t,52.50447029413114,13.466212076096404,Private room in rental unit,Private room,2,1.0,1.0,1.0,2,3,2,2,3,3,2.0,3.0,,t,17,47,59,59,63,40,0,4.94,4.92,4.84,4.95,4.94,4.9,4.76,02/Z/AZ/016814-23,f,1,0,1,0,2.8
7400,7400,552151799222439302,20241221052002,Gem√ºtliche und ruhige Wohnung in Kreuzberg,.,427179823,Mark,f,1.0,1.0,t,t,52.488155,13.419882,Entire rental unit,Entire home/apt,2,1.0,1.0,1.0,2,15,2,2,15,15,2.0,15.0,,t,11,33,50,50,37,12,0,4.89,4.92,4.84,4.92,4.97,4.81,4.76,02/Z/RA/015016-22,f,1,1,0,0,1.18
7600,7600,833120017665446260,20241221052002,Stuckaltbau in Helmholtzkiez,"Beautiful 94m2 apartment in the best part of Helmholtzkiez. 2 very large rooms with high (c. 3.5m) ceilings and beautiful decorations. Located on a beautiful street with little traffic and lots of restaurants and bars; the bedroom is facing backwards and thus very quiet. <br />Furnished with the basics so that you can directly move in: Bed, large wardrobe, kitchen with basic kitchen equipment, sofa, table + 3 chairs. Some furniture on the pictures will be moved out before the rental.",4852370,Fabian,f,1.0,6.0,t,t,52.54107,13.41629,Entire rental unit,Entire home/apt,2,1.0,1.0,1.0,92,365,92,92,365,365,92.0,365.0,,t,29,59,89,364,0,0,0,,,,,,,,,f,1,1,0,0,
7800,7800,11751908,20241221052002,Bright and Sunny Apt - Tiergarten,"Located right near the Tiergarten metro stop, Hansaplatz and Zoologischer Garten are also within 8 minutes' walking distance. The building itself is very quiet, and is a great place to rest and relax! Great views of the Victory Tower and the Tierpark",31407784,Jason,f,1.0,2.0,t,t,52.514,13.33778,Entire rental unit,Entire home/apt,2,,,,92,1125,92,92,1125,1125,92.0,1125.0,,t,0,0,0,0,2,0,0,4.5,5.0,4.0,5.0,5.0,5.0,5.0,,f,1,1,0,0,0.02
8000,8000,678627636478047083,20241221052002,"Central, cosy, quiet &  near main sights + museums","My place is very close to all major sights with an abundance of caf√©s and restaurants but in the quiet setting of the garden house with lovely green views and very high ceilings<br />Alexanderplatz, Kollwitzplatz and Winskiez are just a short walk. Public transit is just 2 minutes from the building.<br /><br />Great for Solo adventurers or work nomads<br />You'll find everything you need for a memorable and comfortable stay in Berlin<br />I'm here to answer any questions you have or help with anything you might need üòä",25544487,Edith,t,1.0,1.0,t,t,52.53136405792827,13.421007134020329,Entire condo,Entire home/apt,1,,,,7,90,7,7,90,90,7.0,90.0,,t,0,0,0,0,42,18,0,5.0,5.0,4.95,4.98,5.0,5.0,4.9,"First name and Last name: Edith Abel Dakovic  <br/> Contact address: Rykestrasse , 10405 , Berlin , Germany  <br/>Listing address: Heinrich-Roller-Stra√üe , 10405 , Berlin , Germany ",f,1,1,0,0,1.54
8200,8200,32415519,20241221052002,Modern apartment in the Auertriangle,"A modern and bright space for your stay in the heart of Berlin.<br />This place will be a save space even for a long weekend trip or become quickly your home for a longer stay. So if you want to stay for a longer period, have a look for the special discount we are offering to your 1 week, 2 week or monthly stay!",243417255,Tim,f,2.0,2.0,t,t,52.5206,13.44394,Entire loft,Entire home/apt,2,1.0,1.0,1.0,12,40,4,12,1125,1125,10.7,1125.0,,t,15,16,40,283,69,10,2,4.99,4.94,4.99,4.99,4.93,4.87,4.84,"Legal entity name and Legal form: Matthias Kuske und Tim Vogler GbR3 <br/>Legal representatives or Trade register number: Matthias Kuske und Tim Vogler <br/> Entity address: Auerstrasse 25, 10249, Berlin, Deutschland <br/>Listing address: Auerstrasse 25, 10249, Berlin, Deutschland",f,2,2,0,0,0.97
8400,8400,24639361,20241221052002,Rockchair | LANG re - Cozy Family & Business 2 BR,"Give us a ‚ù§ - save this apartment on your personal wish list!<br /><br />Easy Check-in with access code - without key!<br /><br />Box spring beds incl. bed linen, towels, shampoo, fully equipped kitchen, washing machine, dryer, high-speed WLAN, HD TV, high chair & baby cot ... and much more.  <br />Cleanliness & hygiene are very important to us. <br /><br />Professional or private? Family or colleagues? We will gladly issue an invoice with VAT.",155105708,S√∂ren,,46.0,49.0,t,t,52.48902,13.36221,Entire rental unit,Entire home/apt,8,1.0,2.0,6.0,1,1125,1,5,1125,1125,4.6,1125.0,,t,20,50,80,355,168,32,1,4.74,4.77,4.74,4.86,4.88,4.83,4.52,"Legal entity name and Legal form: Rockchair GmbH  <br/>Legal representatives or Trade register number: S√∂ren Volger  <br/> Entity address: Forckenbeckstr. 64, 14199,  Berlin , Deutschland <br/>Listing address: Langenscheidtstr. 7, EGre, 10827, Berlin, Deutschland",f,23,23,0,0,2.08
8600,8600,11252620,20241221052002,Helles Altbauzimmer in Kreuzberg,The 3-room apartment is located on the 4th floor of a typical Kreuzberg old building in the Gr√§fekiez between Landwehrkanal and Hasenheide in a quiet street. You can see the TV tower from the balcony...,58709682,Moritz V.,t,2.0,2.0,t,t,52.49228,13.41177,Private room in rental unit,Private room,2,,,,2,1125,2,2,1125,1125,2.0,1125.0,,t,0,0,0,0,15,0,0,4.87,4.86,4.8,4.87,4.93,4.93,4.8,02/Z/AZ/013716-21,f,2,1,1,0,0.14
8800,8800,39979041,20241221052002,New and modern Apartment with 2 rooms with a view,"Our lovingly furnished and decorated apartment with 2 rooms, hall, kitchen and bathroom on the top floor of our Old Town Hotel is available to our guests for their longer stays in Berlin. It is located in a typical Berlin backyard and is very quiet despite the central location of the building. The building has no elevator.",269196922,Old Town Hotel,t,6.0,8.0,t,t,52.5314,13.4273,Entire serviced apartment,Entire home/apt,4,,1.0,,90,180,90,90,180,180,90.0,180.0,,t,0,0,0,46,6,0,0,4.83,4.5,3.83,5.0,4.83,5.0,4.5,"Legal entity name and Legal form: Old Town Apartments GmbH <br/>Legal representatives or Trade register number:  HRB 91054 <br/> Entity address: Sch√∂nhauser Allee 5, 10119, Berlin, Deutschland <br/>Listing address: Greifswalder Str. 211, 10405, Berlin, Deutschland",f,6,3,0,0,0.11
9000,9000,1228961395294203547,20241221052002,Cozy im beliebten Schillerkiez!,"Welcome to the Schillerkiez in Berlin! Our accommodation is characterized by its ideal location, just a stone's throw from the extensive Tempelhofer Feld. Here you can enjoy relaxing walks, picnics or sporting activities in a unique setting. The Schillerkiez itself is a lively neighborhood that boasts a variety of bars and restaurants. You will find international cuisine, cozy cafes and a creative neighborhood!",366897866,Noel,f,1.0,1.0,t,t,52.47874723630387,13.424428034427953,Entire rental unit,Entire home/apt,2,1.0,1.0,1.0,3,365,2,2,365,365,2.0,365.0,,t,5,23,53,53,1,1,0,5.0,5.0,5.0,5.0,5.0,5.0,5.0,"First name and Last name: Noel Lardon  <br/> Contact address: Weisestrasse 9, 12049, Berlin , Deutschland <br/>Listing address: Weisestr 10, 12049, Berlin, Deutschland",f,1,1,0,0,0.37
9200,9200,179102,20241221052002,The Special Place,"Our appartment is spacious and well equipped. We have aything you might need to have a fun vaccation. A full equipped kitchen, a hughe bathroom  WLAN and many individually designed and built furniture are there for your convenience.",857327,Alke,t,1.0,2.0,t,t,52.57051,13.39872,Entire rental unit,Entire home/apt,12,1.5,3.0,9.0,2,1125,2,2,1125,1125,2.0,1125.0,,t,14,44,74,234,189,17,1,4.82,4.84,4.76,4.9,4.87,4.69,4.75,"First name and Last name: Alke Matzat <br/> Contact address: Wilhelm Kuhr Str 5, 13187, Berlin, Berlin <br/>Listing address: Wilhelm Kuhr Str 5, 13186, Berlin, Berlin",f,1,1,0,0,1.2
9400,9400,694726120325596628,20241221052002,Modern bright 3 room loft apartment in Berlin,"You will live in a quiet, very bright and modern 3 room loft apartment in Berlin Zehlendorf. The apartment is equipped with many amenities and offers you a great place as a travel stay or to work.",40151168,Andre,f,1.0,2.0,t,t,52.4197111,13.2870811,Entire loft,Entire home/apt,2,1.0,1.0,1.0,3,1125,3,3,1125,1125,3.0,1125.0,,t,14,44,74,349,5,3,0,5.0,5.0,5.0,5.0,5.0,4.8,4.6,06/Z/RA/004374-23,f,1,1,0,0,0.26
9600,9600,28249744,20241221052002,Apartment 8 direkt am G√∂rlitzer Park  *Kreuzberg*,Apartment for a maximum of 8 people in the heart of Kreuzberg. Directly at the G√∂rlitzer Park!,190957759,Stella,f,20.0,21.0,t,t,52.49668,13.44389,Entire rental unit,Entire home/apt,8,1.0,1.0,6.0,3,1125,2,4,1125,1125,3.0,1125.0,,t,16,39,58,325,259,41,3,4.74,4.81,4.53,4.89,4.95,4.52,4.64,"Legal entity name and Legal form: Jolie GmbH <br/>Legal representatives or Trade register number: HRB 224699 B <br/> Entity address: Irmgardstr. 31, 14169, Berlin, Deutschland <br/>Listing address: G√∂rlitzer Str. 38, 10997, Berlin, Germany, Deutschland",f,20,20,0,0,3.39
9800,9800,14116778,20241221052002,Lovely room for holidays,"My place is close to Krumme Lanke Lake, Schlossstrasse for shopping, Berlin Center. You'll love my place because of the high ceilings, the ground floor. My place is good for couples and solo travelers.",85075824,Lisa,f,1.0,1.0,t,f,52.45206,13.31907,Private room in rental unit,Private room,2,,,,92,1125,92,92,1125,1125,92.0,1125.0,,,0,0,0,0,0,0,0,,,,,,,,,f,1,0,1,0,
10000,10000,604213813500842811,20241221052002,Gem√ºtliche Souterrain Wohnung in Reihenendhaus,"During the day in the Berlin hustle and bustle and evening in the countryside.<br /><br />Nice basement apartment to feel good with your own entrance, parking and sole use of the garden.",453598085,Corinna,t,1.0,1.0,t,t,52.4535,13.50457,Entire rental unit,Entire home/apt,2,1.0,1.0,1.0,3,365,3,3,1125,1125,3.0,1125.0,,t,0,0,0,49,33,12,0,4.88,4.85,4.7,5.0,5.0,4.76,4.76,09/Z/AZ/003303-22,t,1,1,0,0,1.08
10200,10200,14312400,20241221052002,"near FU-University,  cat & Yoga inclusive","Your quiet and peaceful room in my flat is near the FU-University, has good access to the public transport system & shops & restaurants & good parking facilities. Fergus, the cat, is boss; my yoga-studio is downstairs where you can take classes. Our fast & stable WLAN is perfectly suitable for ZOOM meetings or such like -  for your  recreation there is a 50m swimming pool nearby and we are close to nearby woods & lakes, for jogging , swimming, ice skating, or simply relaxing walks & fresh air.",87250324,Susanne,f,1.0,1.0,t,t,52.43306,13.28069,Private room in rental unit,Private room,1,1.5,1.0,1.0,25,730,85,85,730,730,85.0,730.0,,t,0,0,0,155,35,2,0,4.97,4.91,4.77,4.97,4.97,4.77,4.89,"First name and Last name: Susanne Simon  <br/> Contact address: weisswasserweg 49d, 12205, Berlin , Berlin  <br/>Listing address: weisswasserweg 49d, 12205, Berlin , Berlin ",f,1,0,1,0,0.34
10400,10400,1057061923871328414,20241221052002,Gem√ºtliche  Altbauwohnung,"Spacious  old building apartment  with 3 separately accessible bedrooms, living room, kitchen +bathroom.<br />2 youth rooms with plateaus  /beds , one ""parents"" bedroom with access to the balcony. Light-flooded  bathroom with bathtub. Room height 3.60 m. Centrally located not far from the Hermannplatz subway station, yet quiet. Walking distance to the Maybachufer, markets /restaurants,  and the parks an der Hasenheide and  the Tempelhof airfield. Our  private apartment, which we occasionally leave to guests.:-)Lots of joy !",503803687,Karim,t,1.0,1.0,t,t,52.483000348198345,13.428496202449146,Entire rental unit,Entire home/apt,5,1.0,3.0,1.0,5,100,4,5,100,100,5.0,100.0,,t,21,51,81,163,10,10,0,4.9,5.0,4.8,4.9,5.0,4.9,4.5,08/Z/RA/013537-23,f,1,1,0,0,0.96
10600,10600,13029305,20241221052002,Zimmer in zentralster Lage + Sch√∂neberger Kiez,"The room is very cozy, the apartment is quiet despite the central location.<br />Pohlstra√üe is located in the heart of Berlin, directly on the modern Gleisdreickpark, within walking distance of Potsdamer Platz & with very good connection to all areas of Berlin (max. 30 minutes drive to various places in Berlin).<br />Accommodates up to 4 people.<br /><br />This apartment is a fully selfmade and cosy place for up to 4 people. My brother and me would like to welcome you at our place in the city of Berlin! :-)",71986009,Bent,f,1.0,1.0,t,t,52.50051,13.36599,Private room in rental unit,Private room,4,,,,92,1125,92,92,1125,1125,92.0,1125.0,,t,0,0,0,0,27,0,0,4.7,4.7,4.63,4.74,4.81,4.67,4.59,,f,1,0,1,0,0.26
10800,10800,787492130913358786,20241221052002,Chic + Cozy - Studio-Apartment,"Chic and Cozy Studio Apartment:<br />- Stylish<br />- Large sun terrace<br />- Brand new fitted kitchen<br />- large comfortable sofa bed (1,40 m wide, with slatted base and latex mattress)<br />- bathroom with bathtub<br />- large dining table, perfect also for working<br />- but there is no wifi",7435626,Vivian,f,1.0,2.0,t,t,52.49126087004596,13.450371107934568,Entire rental unit,Entire home/apt,2,1.0,1.0,1.0,3,90,2,4,90,90,2.2,90.0,,t,25,44,72,72,37,18,0,4.73,4.78,4.68,4.84,4.84,4.78,4.59,09/Z/RA/003912-23,f,1,1,0,0,1.78
11000,11000,39288993,20241221052002,Cozy studio apartment in great neighborhood,"Clean, quiet and comfortable studio apartment. The apartment faces a courtyard in a well-maintained building. There are local bakeries, cafes and supermarkets in the neighborhood.",6110838,Rachele,f,1.0,1.0,t,t,52.55260054705035,13.4061628908067,Entire rental unit,Entire home/apt,2,1.0,0.0,1.0,30,92,30,30,92,92,30.0,92.0,,t,0,0,20,102,7,4,0,5.0,5.0,5.0,4.86,5.0,4.86,4.71,03/Z/RA/005015-19,f,1,1,0,0,0.27
11200,11200,44387740,20241221052002,Cozy boho apartment in Neuk√∂lln,Renting out my cute little apartment in the center of Neuk√∂lln. I hope my colorful walls and the collection of decor from all over the world will give you a warm and homey feeling away from home. If you intent on staying for a longer time period (more then two weeks) you can message me about a discount.,35187384,Maria,f,1.0,1.0,t,t,52.48057,13.43078,Entire rental unit,Entire home/apt,3,1.0,1.0,1.0,5,90,1,5,90,90,5.0,90.0,,t,28,38,68,140,18,9,0,4.67,4.89,4.28,4.67,4.89,4.94,4.56,08/Z/RA/013225-23,f,1,1,0,0,0.34
11400,11400,27087980,20241221052002,Berlin Room close to Alexanderplatz,"Bright and spacious room to rent in the beloved B√∂tzowkiez in Prenzlauer Berg, within an easy reach to the key tourist attractions - tram line within a short walk will get you to Alexanderplatz in 10 minutes and from there, anywhere you like. <br /><br />If you happen to be here for the Berlinale, the tram will take you to the main festival locations around Potsdamerplatz.<br /><br /><br />Hope you enjoy your Berlin experience, starting with a cosy stay in Prenzlauer Berg.",35542134,Agata,f,1.0,1.0,t,t,52.5364079326763,13.438294246866132,Private room in condo,Private room,1,1.0,1.0,1.0,2,5,1,2,5,5,2.0,5.0,,t,18,47,65,167,90,31,2,5.0,4.98,4.94,4.98,5.0,4.92,4.98,03/Z/AZ/003769-18,f,1,0,1,0,1.4
11600,11600,942487538501334595,20241221052002,3-Zimmer-Altbauwohnung (ACR),"Our holiday apartment is located in the former district of Tiergarten between Spandauer Schifffahrtskanal and Fritz Schlo√ü-Park. In an old building, on the 2nd floor behind soundproof windows, you will find an apartment that offers you on 88 square meters of 3 bedrooms, a large kitchen-living room and a completely renovated bathroom. Two bus lines stop right outside the door, which will take you to the western center or the main train station with the government district behind it in a few minutes.",302954580,Oliver,f,8.0,9.0,t,t,52.5353078,13.3566284,Entire rental unit,Entire home/apt,6,1.0,3.0,4.0,5,14,2,5,14,14,5.0,14.0,,t,25,55,82,82,8,6,0,4.0,3.88,3.88,4.5,4.63,4.0,4.0,01/Z/NA/005060-16,f,7,7,0,0,0.54
11800,11800,48988682,20241221052002,Family friendly home with a park-facing balcony,"A 100sqm family friendly apartment in the heart of Kreuzberg. We have all the things a small family visiting Berlin might need and offer a beautiful 4th floor apartment (with a lift) that has lots of light and a view over the park. <br /><br />We are nearby to lots of cafes, public transport. <br /><br />Excellent Wifi throughout.",7644021,James,f,1.0,1.0,t,t,52.49881,13.43493,Entire condo,Entire home/apt,4,,2.0,,6,1125,5,6,1125,1125,6.0,1125.0,,t,7,7,7,7,15,6,0,5.0,5.0,4.4,4.87,5.0,4.67,4.67,02/z/ra/015797-22,f,1,1,0,0,0.5
12000,12000,937557263289597139,20241221052002,Serviced Comfort Room im Herzen Berlin‚Äòs,"Welcome to the heart of Berlin-Kreuzberg! Our stylish serviced apartment offers a central location, the typical Berlin old building flair and an excellent connection to public transport. Experience the vibrant city life of the cultural metropolis of Berlin. They include a cozy double bedroom, workspace, relaxation chair and water dispenser, attached is a modern bathroom with rain shower. Book now for an unforgettable stay in Berlin!",519392121,Till,t,3.0,3.0,t,t,52.50220294409597,13.428000611429486,Private room in rental unit,Private room,2,1.0,1.0,2.0,2,365,2,5,365,365,2.1,365.0,,t,14,19,19,19,73,54,2,4.92,4.89,4.96,4.85,4.95,4.81,4.73,02/Z/AZ/017500-23,f,3,0,3,0,4.44
12200,12200,22100349,20241221052002,Bright flat in the heart of Schillerkiez,"Cosy, renovated and very bright 2 bedroom-flat of 55sm with a balcony in a charming old building in the hip and cute neighborhood Schillerkiez. Only 5 min. walking from 2 parks, it has the perfect infrastructure including a lot of nice restaurants, bars, and caf√©s perfect for brunch, 3 supermarkets, 2 subway stops, 1 bus stop and the S-Bahn nearby, and a food market on the weekend around the corner. You couldn't ask for more. Perfect for families with children.",8486798,Theodora,f,2.0,5.0,t,t,52.47636,13.42545,Entire rental unit,Entire home/apt,4,,2.0,,92,1125,92,92,1125,1125,92.0,1125.0,,t,0,0,0,0,2,0,0,5.0,5.0,5.0,5.0,5.0,4.5,5.0,,f,2,1,1,0,0.02
12400,12400,1024084998045737747,20241221052002,Wohlf√ºhloase in Berlin Friedenau,"Quiet 2 room apartment with two beds in a central location near shopping streets and Grunewald, public university in the neighborhood, public transport, bus, U Bhan and S-Bahn nearby. Cozy apartment on the ground floor",9567249,Thomas,f,1.0,1.0,t,t,52.470476102198454,13.320128877447022,Entire rental unit,Entire home/apt,2,1.0,1.0,2.0,92,92,90,92,92,92,92.0,92.0,,t,19,49,79,169,0,0,0,,,,,,,,"First name and Last name: Thomas Schwarz <br/> Contact address: Laubacher Str.48a, 14197, Berlin, Berlin <br/>Listing address: Laubacher Str.48a, 14197, Berlin, Berlin",f,1,1,0,0,
12600,12600,16882223,20241221052002,modern 75qm design flat in the heart of Berlin,"Our unique and bright flat, with wooden floors and a little balcony is located in the trendy and cosy district Prenzlauer Berg. The apartment is very spacious, with lots of morning sunlight and fully furnished with everything you need in order to have a wonderful stay. Overlooking the calm and famous Lychener Street the apartment has a huge living room with piano, a large dining room with open kitchen, a separate bedroom with a double bed (can be separated) and a bathroom with tub and shower.",112571636,Elisabeth,f,1.0,1.0,t,t,52.54512,13.41947,Entire rental unit,Entire home/apt,2,1.0,1.0,1.0,10,40,10,10,40,40,10.0,40.0,,t,4,34,54,233,23,5,0,4.78,4.78,4.65,4.87,4.78,4.96,4.65,03/Z/ZA/002520-16,f,1,1,0,0,0.24
12800,12800,27667172,20241221052002,* gem√ºtliches Bett im sch√∂nen Wedding *,"Very cozy bedroom with comfortable double bed. <br />Spacious kitchen with plenty of space for cooking, sitting and spending time. <br />Non-smoking household.<br /><br />Good shopping in the area, within walking distance. <br />Very nice Volkspark Rehberge with adjoining lake and outdoor cinema also right around the corner. Cafes and bars in the neighborhood and next door.<br />Bus line 221 almost right outside the front door ( -> BHF Zoo 16 minutes, -> BHF Friedrichstra√üe 19 minutes)",16914022,Marta,f,1.0,1.0,t,t,52.55229,13.34051,Private room in rental unit,Private room,2,,,,92,1125,92,92,1125,1125,92.0,1125.0,,t,0,0,0,0,44,0,0,5.0,4.98,5.0,4.98,5.0,4.73,4.93,,f,1,0,1,0,0.57
13000,13000,48290893,20241221052002,"Near to Airport BER, Tesla, Adlershof & CityCenter","Johannisthal is a district that is quiet, but easily accessible by the motorway connection (20 min. from the center) and bus stop in front of the door (in 3 minutes on the S-Bahn) to Alexanderplatz or the center.<br />The room is located in a typical Berlin old building from 1903, which was renovated. You have fast internet and a comfortable, super large bed here where you can end the day.<br />Nearby is the Adlershof Technology Centre and the airport.",387607284,Tobias,f,1.0,1.0,t,t,52.44416,13.50225,Private room in condo,Private room,2,1.0,1.0,1.0,2,21,2,2,21,21,2.0,21.0,,t,28,58,88,178,24,8,0,5.0,5.0,5.0,5.0,4.96,4.92,5.0,09/Z/AZ/002405-20,f,1,0,1,0,0.52
13200,13200,2118068,20241221052002,Industrial Design Studio Ap. in the Heart of MItte,"Location location location. This Delux Apartment has a perfect location, lying in a part of Mitte that is just close enough to the hotel area but also in a cool street with lots of new cafes and restaurants that makes you feel like a real Berliner. I'm very close to the U6 station, two stations away from Friedrichstrasse, so transportation is easy. The apartment was renovated in 2013 by an architect and furniture were bought in high end shops.",308441,Amit,f,6.0,10.0,t,t,52.53334,13.38104,Entire condo,Entire home/apt,5,1.0,1.0,2.0,4,1125,2,4,1125,1125,4.0,1125.0,,t,18,48,78,353,452,61,4,4.71,4.8,4.59,4.78,4.82,4.86,4.66,01/Z/AF/002147-14,f,3,3,0,0,3.56
13400,13400,45851885,20241221052002,Sweet home,"A cozy flat near KDW. It is quite central at Wittenbergplatz. It is close to Edeka, all the shopping malls, Zoo, Bars and fancy restaurants.",130862348,Moeez,f,1.0,1.0,t,t,52.50301,13.34491,Entire rental unit,Entire home/apt,2,,,,92,365,92,92,365,365,92.0,365.0,,t,0,0,0,0,0,0,0,,,,,,,,,t,1,1,0,0,
13600,13600,20561833,20241221052002,Luxury 150m2 Residence Old City Berlin,"Designer Appartement at the new luxury residence. Very central location in a quiet save street, next to Spree river, all museums, Berlin Cathedral, Gendarmenmarkt and all historic sights. Berlin city wall from 13th Century and Kloster church are just next to the building, this is the oldest and the most historical part of Berlin. It's across from ministry of internal affairs (24hours police surveillance), Kloster Stra√üe U-Bahn is outside of the building, Alexanderplatz train station 700m away.",62055673,Alice,t,5.0,5.0,t,t,52.51756,13.41168,Entire condo,Entire home/apt,6,2.0,3.0,3.0,2,1125,2,3,1125,1125,2.3,1125.0,,t,19,42,68,248,131,28,1,4.89,4.89,4.9,4.82,4.86,4.9,4.74,"First name and Last name: Lana Limper <br/> Contact address: Klosterstrasse 65, 10179, Berlin , Germany  <br/>Listing address: Klosterstrasse 65, 10179 , Berlin, Germany ",f,3,3,0,0,1.52
13800,13800,20570323,20241221052002,Rooftop apartment with spacious terrace,Lovely rooftop apartment with spacious terrace in Kreuzk√∂lln,2295563,Frank,f,1.0,1.0,t,t,52.49176,13.42631,Entire rental unit,Entire home/apt,2,,,,92,1125,92,92,1125,1125,92.0,1125.0,,t,0,0,0,0,1,0,0,5.0,5.0,5.0,5.0,5.0,5.0,5.0,,f,1,1,0,0,0.01
